PassengerId,Sex,Pclass,Age,Age_median,Age_group,Age_rf
693,male,3,,28.5,26.0,28.761783248940322
482,male,2,,28.5,30.0,34.007945296583294
528,male,1,,28.5,40.0,41.122160281996386
856,female,3,18.0,18.0,18.0,18.0
802,female,2,31.0,31.0,31.0,31.0
653,male,3,21.0,21.0,21.0,21.0
510,male,3,26.0,26.0,26.0,26.0
558,male,1,,28.5,40.0,41.122160281996386
829,male,3,,28.5,26.0,28.761783248940322
19,female,3,31.0,31.0,31.0,31.0
648,male,1,56.0,56.0,56.0,56.0
403,female,3,21.0,21.0,21.0,21.0
847,male,3,,28.5,26.0,11.109981204906187
468,male,1,56.0,56.0,56.0,56.0
52,male,3,21.0,21.0,21.0,21.0
413,female,1,33.0,33.0,33.0,33.0
422,male,3,21.0,21.0,21.0,21.0
251,male,3,,28.5,26.0,28.761783248940322
819,male,3,43.0,43.0,43.0,43.0
410,female,3,,28.5,21.5,4.391159199134199
254,male,3,30.0,30.0,30.0,30.0
219,female,1,32.0,32.0,32.0,32.0
257,female,1,,28.5,35.0,41.122160281996386
227,male,2,19.0,19.0,19.0,19.0
295,male,3,24.0,24.0,24.0,24.0
707,female,2,45.0,45.0,45.0,45.0
754,male,3,23.0,23.0,23.0,23.0
198,male,3,42.0,42.0,42.0,42.0
836,female,1,39.0,39.0,39.0,39.0
221,male,3,16.0,16.0,16.0,16.0
740,male,3,,28.5,26.0,28.761783248940322
34,male,2,66.0,66.0,66.0,66.0
431,male,1,28.0,28.0,28.0,28.0
151,male,2,51.0,51.0,51.0,51.0
587,male,2,47.0,47.0,47.0,47.0
205,male,3,18.0,18.0,18.0,18.0
345,male,2,36.0,36.0,36.0,36.0
748,female,2,30.0,30.0,30.0,30.0
324,female,2,22.0,22.0,22.0,22.0
265,female,3,,28.5,21.5,28.761783248940322
135,male,2,25.0,25.0,25.0,25.0
833,male,3,,28.5,26.0,28.761783248940322
191,female,2,32.0,32.0,32.0,32.0
108,male,3,,28.5,26.0,28.761783248940322
193,female,3,19.0,19.0,19.0,19.0
450,male,1,52.0,52.0,52.0,52.0
97,male,1,71.0,71.0,71.0,71.0
383,male,3,32.0,32.0,32.0,32.0
716,male,3,19.0,19.0,19.0,19.0
365,male,3,,28.5,26.0,24.334180664254053
475,female,3,22.0,22.0,22.0,22.0
435,male,1,50.0,50.0,50.0,50.0
64,male,3,4.0,4.0,4.0,4.0
764,female,1,36.0,36.0,36.0,36.0
749,male,1,19.0,19.0,19.0,19.0
843,female,1,30.0,30.0,30.0,30.0
644,male,3,,28.5,26.0,28.761783248940322
366,male,3,30.0,30.0,30.0,30.0
495,male,3,21.0,21.0,21.0,21.0
309,male,2,30.0,30.0,30.0,30.0
652,female,2,18.0,18.0,18.0,18.0
303,male,3,19.0,19.0,19.0,19.0
717,female,1,38.0,38.0,38.0,38.0
820,male,3,10.0,10.0,10.0,10.0
733,male,2,,28.5,30.0,34.007945296583294
252,female,3,29.0,29.0,29.0,29.0
155,male,3,,28.5,26.0,28.761783248940322
404,male,3,28.0,28.0,28.0,28.0
611,female,3,39.0,39.0,39.0,39.0
206,female,3,2.0,2.0,2.0,2.0
220,male,2,30.0,30.0,30.0,30.0
694,male,3,25.0,25.0,25.0,25.0
687,male,3,14.0,14.0,14.0,14.0
384,female,1,35.0,35.0,35.0,35.0
551,male,1,17.0,17.0,17.0,17.0
469,male,3,,28.5,26.0,28.761783248940322
655,female,3,18.0,18.0,18.0,18.0
650,female,3,23.0,23.0,23.0,23.0
483,male,3,50.0,50.0,50.0,50.0
743,female,1,21.0,21.0,21.0,21.0
196,female,1,58.0,58.0,58.0,58.0
44,female,2,3.0,3.0,3.0,3.0
447,female,2,13.0,13.0,13.0,13.0
627,male,2,57.0,57.0,57.0,57.0
792,male,2,16.0,16.0,16.0,16.0
33,female,3,,28.5,21.5,28.761783248940322
685,male,2,60.0,60.0,60.0,60.0
374,male,1,22.0,22.0,22.0,22.0
419,male,2,30.0,30.0,30.0,30.0
845,male,3,17.0,17.0,17.0,17.0
795,male,3,25.0,25.0,25.0,25.0
822,male,3,27.0,27.0,27.0,27.0
180,male,3,36.0,36.0,36.0,36.0
416,female,3,,28.5,21.5,28.761783248940322
368,female,3,,28.5,21.5,28.761783248940322
714,male,3,29.0,29.0,29.0,29.0
538,female,1,30.0,30.0,30.0,30.0
78,male,3,,28.5,26.0,28.761783248940322
156,male,1,51.0,51.0,51.0,51.0
157,female,3,16.0,16.0,16.0,16.0
369,female,3,,28.5,21.5,28.761783248940322
382,female,3,1.0,1.0,1.0,1.0
396,male,3,22.0,22.0,22.0,22.0
129,female,3,,28.5,21.5,21.594591685424227
279,male,3,7.0,7.0,7.0,7.0
299,male,1,,28.5,40.0,41.122160281996386
215,male,3,,28.5,26.0,24.334180664254053
810,female,1,33.0,33.0,33.0,33.0
51,male,3,7.0,7.0,7.0,7.0
891,male,3,32.0,32.0,32.0,32.0
724,male,2,50.0,50.0,50.0,50.0
233,male,2,59.0,59.0,59.0,59.0
35,male,1,28.0,28.0,28.0,28.0
46,male,3,,28.5,26.0,28.761783248940322
695,male,1,60.0,60.0,60.0,60.0
115,female,3,17.0,17.0,17.0,17.0
123,male,2,32.5,32.5,32.5,32.5
628,female,1,21.0,21.0,21.0,21.0
262,male,3,3.0,3.0,3.0,3.0
239,male,2,19.0,19.0,19.0,19.0
438,female,2,24.0,24.0,24.0,24.0
586,female,1,18.0,18.0,18.0,18.0
797,female,1,49.0,49.0,49.0,49.0
255,female,3,41.0,41.0,41.0,41.0
287,male,3,30.0,30.0,30.0,30.0
95,male,3,59.0,59.0,59.0,59.0
692,female,3,4.0,4.0,4.0,4.0
141,female,3,,28.5,21.5,19.48158088508714
407,male,3,51.0,51.0,51.0,51.0
441,female,2,45.0,45.0,45.0,45.0
425,male,3,18.0,18.0,18.0,18.0
793,female,3,,28.5,21.5,11.109981204906187
613,female,3,,28.5,21.5,24.334180664254053
849,male,2,28.0,28.0,28.0,28.0
153,male,3,55.5,55.5,55.5,55.5
119,male,1,24.0,24.0,24.0,24.0
634,male,1,,28.5,40.0,41.122160281996386
348,female,3,,28.5,21.5,24.334180664254053
784,male,3,,28.5,26.0,14.265075369564
160,male,3,,28.5,26.0,11.109981204906187
134,female,2,29.0,29.0,29.0,29.0
269,female,1,58.0,58.0,58.0,58.0
3,female,3,26.0,26.0,26.0,26.0
524,female,1,44.0,44.0,44.0,44.0
599,male,3,,28.5,26.0,28.761783248940322
770,male,3,32.0,32.0,32.0,32.0
620,male,2,26.0,26.0,26.0,26.0
575,male,3,16.0,16.0,16.0,16.0
380,male,3,19.0,19.0,19.0,19.0
657,male,3,,28.5,26.0,28.761783248940322
772,male,3,48.0,48.0,48.0,48.0
261,male,3,,28.5,26.0,28.761783248940322
481,male,3,9.0,9.0,9.0,9.0
231,female,1,35.0,35.0,35.0,35.0
126,male,3,12.0,12.0,12.0,12.0
397,female,3,31.0,31.0,31.0,31.0
867,female,2,27.0,27.0,27.0,27.0
780,female,1,43.0,43.0,43.0,43.0
768,female,3,30.5,30.5,30.5,30.5
462,male,3,34.0,34.0,34.0,34.0
467,male,2,,28.5,30.0,34.007945296583294
735,male,2,23.0,23.0,23.0,23.0
395,female,3,24.0,24.0,24.0,24.0
706,male,2,39.0,39.0,39.0,39.0
346,female,2,24.0,24.0,24.0,24.0
553,male,3,,28.5,26.0,28.761783248940322
470,female,3,0.75,0.75,0.75,0.75
723,male,2,34.0,34.0,34.0,34.0
351,male,3,23.0,23.0,23.0,23.0
433,female,2,42.0,42.0,42.0,42.0
6,male,3,,28.5,26.0,28.761783248940322
589,male,3,22.0,22.0,22.0,22.0
79,male,2,0.83,0.83,0.83,0.83
236,female,3,,28.5,21.5,28.761783248940322
696,male,2,52.0,52.0,52.0,52.0
722,male,3,17.0,17.0,17.0,17.0
454,male,1,49.0,49.0,49.0,49.0
415,male,3,44.0,44.0,44.0,44.0
752,male,3,6.0,6.0,6.0,6.0
546,male,1,64.0,64.0,64.0,64.0
808,female,3,18.0,18.0,18.0,18.0
576,male,3,19.0,19.0,19.0,19.0
94,male,3,26.0,26.0,26.0,26.0
315,male,2,43.0,43.0,43.0,43.0
518,male,3,,28.5,26.0,28.761783248940322
817,female,3,23.0,23.0,23.0,23.0
267,male,3,16.0,16.0,16.0,16.0
541,female,1,36.0,36.0,36.0,36.0
357,female,1,22.0,22.0,22.0,22.0
878,male,3,19.0,19.0,19.0,19.0
359,female,3,,28.5,21.5,28.761783248940322
874,male,3,47.0,47.0,47.0,47.0
162,female,2,40.0,40.0,40.0,40.0
114,female,3,20.0,20.0,20.0,20.0
519,female,2,36.0,36.0,36.0,36.0
176,male,3,18.0,18.0,18.0,18.0
758,male,2,18.0,18.0,18.0,18.0
75,male,3,32.0,32.0,32.0,32.0
131,male,3,33.0,33.0,33.0,33.0
605,male,1,35.0,35.0,35.0,35.0
439,male,1,64.0,64.0,64.0,64.0
263,male,1,52.0,52.0,52.0,52.0
859,female,3,24.0,24.0,24.0,24.0
327,male,3,61.0,61.0,61.0,61.0
235,male,2,24.0,24.0,24.0,24.0
669,male,3,43.0,43.0,43.0,43.0
517,female,2,34.0,34.0,34.0,34.0
484,female,3,63.0,63.0,63.0,63.0
642,female,1,24.0,24.0,24.0,24.0
2,female,1,38.0,38.0,38.0,38.0
492,male,3,21.0,21.0,21.0,21.0
857,female,1,45.0,45.0,45.0,45.0
87,male,3,16.0,16.0,16.0,16.0
665,male,3,20.0,20.0,20.0,20.0
182,male,2,,28.5,30.0,34.007945296583294
639,female,3,41.0,41.0,41.0,41.0
214,male,2,30.0,30.0,30.0,30.0
91,male,3,29.0,29.0,29.0,29.0
375,female,3,3.0,3.0,3.0,3.0
194,male,2,3.0,3.0,3.0,3.0
250,male,2,54.0,54.0,54.0,54.0
393,male,3,28.0,28.0,28.0,28.0
664,male,3,36.0,36.0,36.0,36.0
461,male,1,48.0,48.0,48.0,48.0
798,female,3,31.0,31.0,31.0,31.0
871,male,3,26.0,26.0,26.0,26.0
177,male,3,,28.5,26.0,4.391159199134199
804,male,3,0.42,0.42,0.42,0.42
247,female,3,25.0,25.0,25.0,25.0
476,male,1,,28.5,40.0,41.122160281996386
472,male,3,38.0,38.0,38.0,38.0
122,male,3,,28.5,26.0,28.761783248940322
710,male,3,,28.5,26.0,21.594591685424227
353,male,3,15.0,15.0,15.0,15.0
21,male,2,35.0,35.0,35.0,35.0
668,male,3,,28.5,26.0,28.761783248940322
140,male,1,24.0,24.0,24.0,24.0
584,male,1,36.0,36.0,36.0,36.0
555,female,3,22.0,22.0,22.0,22.0
661,male,1,50.0,50.0,50.0,50.0
614,male,3,,28.5,26.0,28.761783248940322
204,male,3,45.5,45.5,45.5,45.5
720,male,3,33.0,33.0,33.0,33.0
647,male,3,19.0,19.0,19.0,19.0
229,male,2,18.0,18.0,18.0,18.0
209,female,3,16.0,16.0,16.0,16.0
741,male,1,,28.5,40.0,41.122160281996386
840,male,1,,28.5,40.0,41.122160281996386
646,male,1,48.0,48.0,48.0,48.0
522,male,3,22.0,22.0,22.0,22.0
783,male,1,29.0,29.0,29.0,29.0
169,male,1,,28.5,40.0,41.122160281996386
333,male,1,38.0,38.0,38.0,38.0
697,male,3,44.0,44.0,44.0,44.0
408,male,2,3.0,3.0,3.0,3.0
701,female,1,18.0,18.0,18.0,18.0
506,male,1,18.0,18.0,18.0,18.0
769,male,3,,28.5,26.0,24.334180664254053
8,male,3,2.0,2.0,2.0,2.0
738,male,1,35.0,35.0,35.0,35.0
852,male,3,74.0,74.0,74.0,74.0
674,male,2,31.0,31.0,31.0,31.0
736,male,3,28.5,28.5,28.5,28.5
175,male,1,56.0,56.0,56.0,56.0
705,male,3,26.0,26.0,26.0,26.0
570,male,3,32.0,32.0,32.0,32.0
37,male,3,,28.5,26.0,28.761783248940322
210,male,1,40.0,40.0,40.0,40.0
682,male,1,27.0,27.0,27.0,27.0
719,male,3,,28.5,26.0,28.761783248940322
109,male,3,38.0,38.0,38.0,38.0
165,male,3,1.0,1.0,1.0,1.0
675,male,2,,28.5,30.0,34.007945296583294
389,male,3,,28.5,26.0,28.761783248940322
756,male,2,0.67,0.67,0.67,0.67
47,male,3,,28.5,26.0,24.334180664254053
480,female,3,2.0,2.0,2.0,2.0
678,female,3,18.0,18.0,18.0,18.0
766,female,1,51.0,51.0,51.0,51.0
362,male,2,29.0,29.0,29.0,29.0
598,male,3,49.0,49.0,49.0,49.0
771,male,3,24.0,24.0,24.0,24.0
329,female,3,31.0,31.0,31.0,31.0
277,female,3,45.0,45.0,45.0,45.0
637,male,3,32.0,32.0,32.0,32.0
703,female,3,18.0,18.0,18.0,18.0
855,female,2,44.0,44.0,44.0,44.0
872,female,1,47.0,47.0,47.0,47.0
149,male,2,36.5,36.5,36.5,36.5
179,male,2,30.0,30.0,30.0,30.0
718,female,2,27.0,27.0,27.0,27.0
82,male,3,29.0,29.0,29.0,29.0
494,male,1,71.0,71.0,71.0,71.0
821,female,1,52.0,52.0,52.0,52.0
679,female,3,43.0,43.0,43.0,43.0
288,male,3,22.0,22.0,22.0,22.0
331,female,3,,28.5,21.5,30.04035807085495
167,female,1,,28.5,35.0,37.30753334228512
629,male,3,26.0,26.0,26.0,26.0
730,female,3,25.0,25.0,25.0,25.0
816,male,1,,28.5,40.0,41.122160281996386
319,female,1,31.0,31.0,31.0,31.0
339,male,3,45.0,45.0,45.0,45.0
321,male,3,22.0,22.0,22.0,22.0
53,female,1,49.0,49.0,49.0,49.0
609,female,2,22.0,22.0,22.0,22.0
185,female,3,4.0,4.0,4.0,4.0
256,female,3,29.0,29.0,29.0,29.0
801,male,2,34.0,34.0,34.0,34.0
863,female,1,48.0,48.0,48.0,48.0
42,female,2,27.0,27.0,27.0,27.0
514,female,1,54.0,54.0,54.0,54.0
548,male,2,,28.5,30.0,34.007945296583294
547,female,2,19.0,19.0,19.0,19.0
152,female,1,22.0,22.0,22.0,22.0
332,male,1,45.5,45.5,45.5,45.5
65,male,1,,28.5,40.0,41.122160281996386
834,male,3,23.0,23.0,23.0,23.0
489,male,3,30.0,30.0,30.0,30.0
532,male,3,,28.5,26.0,28.761783248940322
406,male,2,34.0,34.0,34.0,34.0
745,male,3,31.0,31.0,31.0,31.0
202,male,3,,28.5,26.0,11.109981204906187
361,male,3,40.0,40.0,40.0,40.0
48,female,3,,28.5,21.5,28.761783248940322
71,male,2,32.0,32.0,32.0,32.0
683,male,3,20.0,20.0,20.0,20.0
378,male,1,27.0,27.0,27.0,27.0
124,female,2,32.5,32.5,32.5,32.5
195,female,1,44.0,44.0,44.0,44.0
136,male,2,23.0,23.0,23.0,23.0
617,male,3,34.0,34.0,34.0,34.0
544,male,2,32.0,32.0,32.0,32.0
446,male,1,4.0,4.0,4.0,4.0
120,female,3,2.0,2.0,2.0,2.0
414,male,2,,28.5,30.0,34.007945296583294
344,male,2,25.0,25.0,25.0,25.0
90,male,3,24.0,24.0,24.0,24.0
837,male,3,21.0,21.0,21.0,21.0
440,male,2,31.0,31.0,31.0,31.0
318,male,2,54.0,54.0,54.0,54.0
86,female,3,33.0,33.0,33.0,33.0
734,male,2,23.0,23.0,23.0,23.0
146,male,2,19.0,19.0,19.0,19.0
281,male,3,65.0,65.0,65.0,65.0
491,male,3,,28.5,26.0,24.334180664254053
866,female,2,42.0,42.0,42.0,42.0
145,male,2,18.0,18.0,18.0,18.0
222,male,2,27.0,27.0,27.0,27.0
125,male,1,54.0,54.0,54.0,54.0
525,male,3,,28.5,26.0,28.761783248940322
111,male,1,47.0,47.0,47.0,47.0
60,male,3,11.0,11.0,11.0,11.0
121,male,2,21.0,21.0,21.0,21.0
243,male,2,29.0,29.0,29.0,29.0
812,male,3,39.0,39.0,39.0,39.0
886,female,3,39.0,39.0,39.0,39.0
606,male,3,36.0,36.0,36.0,36.0
308,female,1,17.0,17.0,17.0,17.0
159,male,3,,28.5,26.0,28.761783248940322
543,female,3,11.0,11.0,11.0,11.0
133,female,3,47.0,47.0,47.0,47.0
285,male,1,,28.5,40.0,41.122160281996386
26,female,3,38.0,38.0,38.0,38.0
304,female,2,,28.5,29.0,34.007945296583294
888,female,1,19.0,19.0,19.0,19.0
557,female,1,48.0,48.0,48.0,48.0
779,male,3,,28.5,26.0,28.761783248940322
32,female,1,,28.5,35.0,36.02694848904687
264,male,1,40.0,40.0,40.0,40.0
806,male,3,31.0,31.0,31.0,31.0
25,female,3,8.0,8.0,8.0,8.0
208,male,3,26.0,26.0,26.0,26.0
656,male,2,24.0,24.0,24.0,24.0
61,male,3,22.0,22.0,22.0,22.0
751,female,2,4.0,4.0,4.0,4.0
188,male,1,45.0,45.0,45.0,45.0
381,female,1,42.0,42.0,42.0,42.0
633,male,1,32.0,32.0,32.0,32.0
223,male,3,51.0,51.0,51.0,51.0
112,female,3,14.5,14.5,14.5,14.5
612,male,3,,28.5,26.0,28.761783248940322
621,male,3,27.0,27.0,27.0,27.0
712,male,1,,28.5,40.0,41.122160281996386
788,male,3,8.0,8.0,8.0,8.0
218,male,2,42.0,42.0,42.0,42.0
320,female,1,40.0,40.0,40.0,40.0
234,female,3,5.0,5.0,5.0,5.0
607,male,3,30.0,30.0,30.0,30.0
275,female,3,,28.5,21.5,28.761783248940322
172,male,3,4.0,4.0,4.0,4.0
832,male,2,0.83,0.83,0.83,0.83
427,female,2,28.0,28.0,28.0,28.0
379,male,3,20.0,20.0,20.0,20.0
27,male,3,,28.5,26.0,28.761783248940322
794,male,1,,28.5,40.0,41.122160281996386
164,male,3,17.0,17.0,17.0,17.0
585,male,3,,28.5,26.0,28.761783248940322
232,male,3,29.0,29.0,29.0,29.0
591,male,3,35.0,35.0,35.0,35.0
814,female,3,6.0,6.0,6.0,6.0
45,female,3,19.0,19.0,19.0,19.0
624,male,3,21.0,21.0,21.0,21.0
877,male,3,20.0,20.0,20.0,20.0
536,female,2,7.0,7.0,7.0,7.0
401,male,3,39.0,39.0,39.0,39.0
74,male,3,26.0,26.0,26.0,26.0
363,female,3,45.0,45.0,45.0,45.0
549,male,3,33.0,33.0,33.0,33.0
341,male,2,2.0,2.0,2.0,2.0
850,female,1,,28.5,35.0,36.02694848904687
618,female,3,26.0,26.0,26.0,26.0
839,male,3,32.0,32.0,32.0,32.0
270,female,1,35.0,35.0,35.0,35.0
424,female,3,28.0,28.0,28.0,28.0
14,male,3,39.0,39.0,39.0,39.0
356,male,3,28.0,28.0,28.0,28.0
274,male,1,37.0,37.0,37.0,37.0
426,male,3,,28.5,26.0,28.761783248940322
851,male,3,4.0,4.0,4.0,4.0
98,male,1,23.0,23.0,23.0,23.0
466,male,3,38.0,38.0,38.0,38.0
785,male,3,25.0,25.0,25.0,25.0
67,female,2,29.0,29.0,29.0,29.0
7,male,1,54.0,54.0,54.0,54.0
248,female,2,24.0,24.0,24.0,24.0
314,male,3,28.0,28.0,28.0,28.0
534,female,3,,28.5,21.5,19.48158088508714
15,female,3,14.0,14.0,14.0,14.0
273,female,2,41.0,41.0,41.0,41.0
539,male,3,,28.5,26.0,28.761783248940322
527,female,2,50.0,50.0,50.0,50.0
569,male,3,,28.5,26.0,28.761783248940322
409,male,3,21.0,21.0,21.0,21.0
540,female,1,22.0,22.0,22.0,22.0
515,male,3,24.0,24.0,24.0,24.0
57,female,2,21.0,21.0,21.0,21.0
632,male,3,51.0,51.0,51.0,51.0
601,female,2,24.0,24.0,24.0,24.0
192,male,2,19.0,19.0,19.0,19.0
113,male,3,22.0,22.0,22.0,22.0
171,male,1,61.0,61.0,61.0,61.0
465,male,3,,28.5,26.0,28.761783248940322
688,male,3,19.0,19.0,19.0,19.0
96,male,3,,28.5,26.0,28.761783248940322
290,female,3,22.0,22.0,22.0,22.0
509,male,3,28.0,28.0,28.0,28.0
775,female,2,54.0,54.0,54.0,54.0
762,male,3,41.0,41.0,41.0,41.0
58,male,3,28.5,28.5,28.5,28.5
421,male,3,,28.5,26.0,28.761783248940322
862,male,2,21.0,21.0,21.0,21.0
671,female,2,40.0,40.0,40.0,40.0
266,male,2,36.0,36.0,36.0,36.0
54,female,2,29.0,29.0,29.0,29.0
831,female,3,15.0,15.0,15.0,15.0
526,male,3,40.5,40.5,40.5,40.5
511,male,3,29.0,29.0,29.0,29.0
507,female,2,33.0,33.0,33.0,33.0
373,male,3,19.0,19.0,19.0,19.0
813,male,2,35.0,35.0,35.0,35.0
312,female,1,18.0,18.0,18.0,18.0
50,female,3,18.0,18.0,18.0,18.0
603,male,1,,28.5,40.0,41.122160281996386
630,male,3,,28.5,26.0,28.761783248940322
590,male,3,,28.5,26.0,28.761783248940322
103,male,1,21.0,21.0,21.0,21.0
654,female,3,,28.5,21.5,28.761783248940322
582,female,1,39.0,39.0,39.0,39.0
641,male,3,20.0,20.0,20.0,20.0
488,male,1,58.0,58.0,58.0,58.0
600,male,1,49.0,49.0,49.0,49.0
449,female,3,5.0,5.0,5.0,5.0
559,female,1,39.0,39.0,39.0,39.0
501,male,3,17.0,17.0,17.0,17.0
55,male,1,65.0,65.0,65.0,65.0
335,female,1,,28.5,35.0,36.02694848904687
307,female,1,,28.5,35.0,41.122160281996386
38,male,3,21.0,21.0,21.0,21.0
868,male,1,31.0,31.0,31.0,31.0
580,male,3,32.0,32.0,32.0,32.0
796,male,2,39.0,39.0,39.0,39.0
13,male,3,20.0,20.0,20.0,20.0
22,male,2,34.0,34.0,34.0,34.0
663,male,1,47.0,47.0,47.0,47.0
513,male,1,36.0,36.0,36.0,36.0
625,male,3,21.0,21.0,21.0,21.0
455,male,3,,28.5,26.0,28.761783248940322
336,male,3,,28.5,26.0,28.761783248940322
535,female,3,30.0,30.0,30.0,30.0
77,male,3,,28.5,26.0,28.761783248940322
523,male,3,,28.5,26.0,28.761783248940322
104,male,3,33.0,33.0,33.0,33.0
310,female,1,30.0,30.0,30.0,30.0
184,male,2,1.0,1.0,1.0,1.0
405,female,3,20.0,20.0,20.0,20.0
417,female,2,34.0,34.0,34.0,34.0
340,male,1,45.0,45.0,45.0,45.0
328,female,2,36.0,36.0,36.0,36.0
529,male,3,39.0,39.0,39.0,39.0
623,male,3,20.0,20.0,20.0,20.0
844,male,3,34.5,34.5,34.5,34.5
201,male,3,28.0,28.0,28.0,28.0
302,male,3,,28.5,26.0,30.04035807085495
305,male,3,,28.5,26.0,28.761783248940322
420,female,3,10.0,10.0,10.0,10.0
853,female,3,9.0,9.0,9.0,9.0
102,male,3,,28.5,26.0,28.761783248940322
228,male,3,20.5,20.5,20.5,20.5
670,female,1,,28.5,35.0,36.02694848904687
326,female,1,36.0,36.0,36.0,36.0
838,male,3,,28.5,26.0,28.761783248940322
649,male,3,,28.5,26.0,28.761783248940322
726,male,3,20.0,20.0,20.0,20.0
883,female,3,22.0,22.0,22.0,22.0
809,male,2,39.0,39.0,39.0,39.0
504,female,3,37.0,37.0,37.0,37.0
755,female,2,48.0,48.0,48.0,48.0
659,male,2,23.0,23.0,23.0,23.0
728,female,3,,28.5,21.5,28.761783248940322
673,male,2,70.0,70.0,70.0,70.0
658,female,3,32.0,32.0,32.0,32.0
747,male,3,16.0,16.0,16.0,16.0
73,male,2,21.0,21.0,21.0,21.0
471,male,3,,28.5,26.0,28.761783248940322
150,male,2,42.0,42.0,42.0,42.0
500,male,3,24.0,24.0,24.0,24.0
142,female,3,22.0,22.0,22.0,22.0
662,male,3,40.0,40.0,40.0,40.0
306,male,1,0.92,0.92,0.92,0.92
286,male,3,33.0,33.0,33.0,33.0
676,male,3,18.0,18.0,18.0,18.0
170,male,3,28.0,28.0,28.0,28.0
595,male,2,37.0,37.0,37.0,37.0
778,female,3,5.0,5.0,5.0,5.0
781,female,3,13.0,13.0,13.0,13.0
552,male,2,27.0,27.0,27.0,27.0
358,female,2,38.0,38.0,38.0,38.0
846,male,3,42.0,42.0,42.0,42.0
349,male,3,3.0,3.0,3.0,3.0
400,female,2,28.0,28.0,28.0,28.0
300,female,1,50.0,50.0,50.0,50.0
858,male,1,51.0,51.0,51.0,51.0
860,male,3,,28.5,26.0,28.761783248940322
291,female,1,26.0,26.0,26.0,26.0
651,male,3,,28.5,26.0,28.761783248940322
711,female,1,24.0,24.0,24.0,24.0
622,male,1,42.0,42.0,42.0,42.0
708,male,1,42.0,42.0,42.0,42.0
385,male,3,,28.5,26.0,28.761783248940322
451,male,2,36.0,36.0,36.0,36.0
137,female,1,19.0,19.0,19.0,19.0
864,female,3,,28.5,21.5,11.109981204906187
457,male,1,65.0,65.0,65.0,65.0
23,female,3,15.0,15.0,15.0,15.0
20,female,3,,28.5,21.5,28.761783248940322
790,male,1,46.0,46.0,46.0,46.0
84,male,1,28.0,28.0,28.0,28.0
260,female,2,50.0,50.0,50.0,50.0
292,female,1,19.0,19.0,19.0,19.0
110,female,3,,28.5,21.5,24.334180664254053
371,male,1,25.0,25.0,25.0,25.0
830,female,1,62.0,62.0,62.0,62.0
725,male,1,27.0,27.0,27.0,27.0
487,female,1,35.0,35.0,35.0,35.0
498,male,3,,28.5,26.0,28.761783248940322
700,male,3,42.0,42.0,42.0,42.0
43,male,3,,28.5,26.0,28.761783248940322
458,female,1,,28.5,35.0,36.02694848904687
211,male,3,24.0,24.0,24.0,24.0
128,male,3,24.0,24.0,24.0,24.0
619,female,2,4.0,4.0,4.0,4.0
444,female,2,28.0,28.0,28.0,28.0
386,male,2,18.0,18.0,18.0,18.0
9,female,3,27.0,27.0,27.0,27.0
767,male,1,,28.5,40.0,41.122160281996386
684,male,3,14.0,14.0,14.0,14.0
875,female,2,28.0,28.0,28.0,28.0
226,male,3,22.0,22.0,22.0,22.0
249,male,1,37.0,37.0,37.0,37.0
593,male,3,47.0,47.0,47.0,47.0
761,male,3,,28.5,26.0,28.761783248940322
343,male,2,28.0,28.0,28.0,28.0
596,male,3,36.0,36.0,36.0,36.0
763,male,3,20.0,20.0,20.0,20.0
16,female,2,55.0,55.0,55.0,55.0
230,female,3,,28.5,21.5,4.391159199134199
244,male,3,22.0,22.0,22.0,22.0
773,female,2,57.0,57.0,57.0,57.0
478,male,3,29.0,29.0,29.0,29.0
70,male,3,26.0,26.0,26.0,26.0
564,male,3,,28.5,26.0,28.761783248940322
578,female,1,39.0,39.0,39.0,39.0
520,male,3,32.0,32.0,32.0,32.0
80,female,3,30.0,30.0,30.0,30.0
62,female,1,38.0,38.0,38.0,38.0
739,male,3,,28.5,26.0,28.761783248940322
787,female,3,18.0,18.0,18.0,18.0
616,female,2,24.0,24.0,24.0,24.0
11,female,3,4.0,4.0,4.0,4.0
377,female,3,22.0,22.0,22.0,22.0
29,female,3,,28.5,21.5,28.761783248940322
399,male,2,23.0,23.0,23.0,23.0
689,male,3,18.0,18.0,18.0,18.0
271,male,1,,28.5,40.0,41.122160281996386
882,male,3,33.0,33.0,33.0,33.0
238,female,2,8.0,8.0,8.0,8.0
1,male,3,22.0,22.0,22.0,22.0
573,male,1,36.0,36.0,36.0,36.0
667,male,2,25.0,25.0,25.0,25.0
284,male,3,19.0,19.0,19.0,19.0
889,female,3,,28.5,21.5,14.265075369564
391,male,1,36.0,36.0,36.0,36.0
530,male,2,23.0,23.0,23.0,23.0
568,female,3,29.0,29.0,29.0,29.0
173,female,3,1.0,1.0,1.0,1.0
848,male,3,35.0,35.0,35.0,35.0
118,male,2,29.0,29.0,29.0,29.0
237,male,2,44.0,44.0,44.0,44.0
742,male,1,36.0,36.0,36.0,36.0
602,male,3,,28.5,26.0,28.761783248940322
826,male,3,,28.5,26.0,28.761783248940322
392,male,3,21.0,21.0,21.0,21.0
283,male,3,16.0,16.0,16.0,16.0
721,female,2,6.0,6.0,6.0,6.0
430,male,3,32.0,32.0,32.0,32.0
823,male,1,38.0,38.0,38.0,38.0
313,female,2,26.0,26.0,26.0,26.0
497,female,1,54.0,54.0,54.0,54.0
186,male,1,,28.5,40.0,41.122160281996386
31,male,1,40.0,40.0,40.0,40.0
289,male,2,42.0,42.0,42.0,42.0
282,male,3,28.0,28.0,28.0,28.0
4,female,1,35.0,35.0,35.0,35.0
372,male,3,18.0,18.0,18.0,18.0
835,male,3,18.0,18.0,18.0,18.0
183,male,3,9.0,9.0,9.0,9.0
190,male,3,36.0,36.0,36.0,36.0
643,female,3,2.0,2.0,2.0,2.0
885,male,3,25.0,25.0,25.0,25.0
583,male,2,54.0,54.0,54.0,54.0
148,female,3,9.0,9.0,9.0,9.0
631,male,1,80.0,80.0,80.0,80.0
610,female,1,40.0,40.0,40.0,40.0
338,female,1,41.0,41.0,41.0,41.0
317,female,2,24.0,24.0,24.0,24.0
81,male,3,22.0,22.0,22.0,22.0
782,female,1,17.0,17.0,17.0,17.0
168,female,3,45.0,45.0,45.0,45.0
132,male,3,20.0,20.0,20.0,20.0
592,female,1,52.0,52.0,52.0,52.0
364,male,3,35.0,35.0,35.0,35.0
799,male,3,30.0,30.0,30.0,30.0
49,male,3,,28.5,26.0,30.04035807085495
225,male,1,38.0,38.0,38.0,38.0
241,female,3,,28.5,21.5,24.334180664254053
807,male,1,39.0,39.0,39.0,39.0
216,female,1,31.0,31.0,31.0,31.0
479,male,3,22.0,22.0,22.0,22.0
841,male,3,20.0,20.0,20.0,20.0
709,female,1,22.0,22.0,22.0,22.0
316,female,3,26.0,26.0,26.0,26.0
876,female,3,15.0,15.0,15.0,15.0
207,male,3,32.0,32.0,32.0,32.0
258,female,1,30.0,30.0,30.0,30.0
99,female,2,34.0,34.0,34.0,34.0
574,female,3,,28.5,21.5,28.761783248940322
789,male,3,1.0,1.0,1.0,1.0
563,male,2,28.0,28.0,28.0,28.0
521,female,1,30.0,30.0,30.0,30.0
213,male,3,22.0,22.0,22.0,22.0
437,female,3,21.0,21.0,21.0,21.0
293,male,2,36.0,36.0,36.0,36.0
562,male,3,40.0,40.0,40.0,40.0
828,male,2,1.0,1.0,1.0,1.0
189,male,3,40.0,40.0,40.0,40.0
101,female,3,28.0,28.0,28.0,28.0
347,female,2,40.0,40.0,40.0,40.0
698,female,3,,28.5,21.5,28.761783248940322
322,male,3,27.0,27.0,27.0,27.0
311,female,1,24.0,24.0,24.0,24.0
59,female,2,5.0,5.0,5.0,5.0
203,male,3,34.0,34.0,34.0,34.0
394,female,1,23.0,23.0,23.0,23.0
117,male,3,70.5,70.5,70.5,70.5
69,female,3,17.0,17.0,17.0,17.0
330,female,1,16.0,16.0,16.0,16.0
68,male,3,19.0,19.0,19.0,19.0
786,male,3,25.0,25.0,25.0,25.0
499,female,1,25.0,25.0,25.0,25.0
36,male,1,42.0,42.0,42.0,42.0
174,male,3,21.0,21.0,21.0,21.0
224,male,3,,28.5,26.0,28.761783248940322
278,male,2,,28.5,30.0,34.007945296583294
690,female,1,15.0,15.0,15.0,15.0
130,male,3,45.0,45.0,45.0,45.0
452,male,3,,28.5,26.0,24.334180664254053
268,male,3,25.0,25.0,25.0,25.0
873,male,1,33.0,33.0,33.0,33.0
636,female,2,28.0,28.0,28.0,28.0
666,male,2,32.0,32.0,32.0,32.0
890,male,1,26.0,26.0,26.0,26.0
105,male,3,37.0,37.0,37.0,37.0
178,female,1,50.0,50.0,50.0,50.0
545,male,1,50.0,50.0,50.0,50.0
681,female,3,,28.5,21.5,28.761783248940322
477,male,2,34.0,34.0,34.0,34.0
360,female,3,,28.5,21.5,28.761783248940322
259,female,1,35.0,35.0,35.0,35.0
737,female,3,48.0,48.0,48.0,48.0
463,male,1,47.0,47.0,47.0,47.0
508,male,1,,28.5,40.0,41.122160281996386
